ebuse,Recv1_avg_time,Recv2_avg_time,Recv3_avg_time,Recv1_std_time,Recv2_std_time,Recv3_std_time,settling_time,settling_time_std,recv1_mean_stable_value,recv2_mean_stable_value,recv3_mean_stable_value,recv1_std_stable_value,recv2_std_stable_value,recv3_std_stable_value,stable_value,stable_value_std
0.1,1737.9,1566.3,2270.7,1306.11044326,568.390191682,846.124346654,2270.7,1306.11044326,0.0110670447,0.0101540885,0.0105788241,0.001518437,0.0009743277,0.0009112106,0.0105999858,0.0011346584
0.2,857.7,591.5,1257.5,569.224217686,287.66308418,262.706014396,1257.5,569.224217686,0.0097660963,0.0090268794,0.0100454639,0.0006373368,0.0008119147,0.0010002914,0.0096128132,0.0008165143
0.3,1173,805.6,1835.1,569.834361898,346.343240153,950.301999367,1835.1,950.301999367,0.0102855976,0.0100185395,0.0105115173,0.000494605,0.0004195816,0.0008150945,0.0102718848,0.000576427
0.4,1350.7,694.4,1685.3,1158.48410002,342.749821298,792.962804928,1685.3,1158.48410002,0.010345588,0.0099399295,0.0102963436,0.0004483442,0.0003773263,0.0007916864,0.0101939537,0.000539119
0.5,1959.1,784.1,1700.1,1266.84817164,388.436210979,716.411815927,1959.1,1266.84817164,0.0105735999,0.0099234309,0.0101761162,0.0006050586,0.0003582548,0.000544762,0.0102243824,0.0005026918
